Peptide,Sequence,length of the Sequence,Amphiphilicity index,Smiles,prediction,RMSD
T2,RLIKAILNRVWKAWAIQKK,19,1.86,CC[C@H](C)[C@H](NC(=O)[C@H](C)NC(=O)[C@H](Cc1c...,2.30845,0.201107
T3,KKVWYIKVKLALALIKNI,18,1.69,CC[C@H](C)[C@H](NC(=O)[C@H](CC(N)=O)NC(=O)[C@H...,1.956808,0.071187
T4,ILARLSSILKLI,12,0.51,CC[C@H](C)[C@H](N)C(=O)N[C@@H](CC(C)C)C(=O)N[C...,1.00613,0.246145
T5,KILWYRIILIRFQKVW,16,2.03,CC[C@H](C)[C@H](NC(=O)[C@H](CC(C)C)NC(=O)[C@@H...,2.237674,0.043129
T10,RYIRLLVILKLA,12,1.14,CC[C@H](C)[C@H](NC(=O)[C@H](Cc1ccc(O)cc1)NC(=O...,1.67576,0.287039
T11,RWWYTSIIKKKLNKIIA,17,2.12,CC[C@H](C)[C@H](NC(=O)[C@H](CCCCN)NC(=O)[C@H](...,1.795302,0.105429
T13,KMWKLRIKLTI,11,1.85,CC[C@H](C)[C@H](NC(=O)[C@@H](NC(=O)[C@H](CC(C)...,1.700261,0.022422
T14,KIWKIKILRINKKTSSIIA,19,1.46,CC[C@H](C)[C@H](NC(=O)[C@H](CCCNC(=N)N)NC(=O)[...,1.927478,0.218536
T16,KRIKILRKYKWNQQYKKKL,19,2.64,CC[C@H](C)[C@H](NC(=O)[C@H](CCCCN)NC(=O)[C@@H]...,2.103292,0.288055
T17,LIWRRKIFRIKLRI,14,1.72,CC[C@H](C)[C@H](NC(=O)[C@H](CCCNC(=N)N)NC(=O)[...,2.421525,0.492138
T19,KKIIIKFLIFNTKL,14,1.05,CC[C@H](C)[C@H](NC(=O)[C@H](CC(C)C)NC(=O)[C@H]...,0.454044,0.355163
T20,RRLNSKINLYLRIIIALINK,20,0.99,CC[C@H](C)[C@H](NC(=O)[C@H](CC(C)C)NC(=O)[C@H]...,1.57399,0.341044
T21,WYLIRVALIAFKKA,14,1.56,CC[C@H](C)[C@H](NC(=O)[C@H](CC(C)C)NC(=O)[C@H]...,2.200473,0.410205
T23,VMRRFFRLLRKIKL,14,1.22,CC[C@H](C)[C@H](NC(=O)[C@H](CCCCN)NC(=O)[C@H](...,1.258088,0.001451
T24,KQIKQRSIRIKIFKKIL,17,1.51,CC[C@H](C)[C@H](NC(=O)[C@H](CCCCN)NC(=O)[C@H](...,1.403453,0.011352
T25,RVWKTLRIKVYFARRKQR,18,2.03,CC[C@H](C)[C@H](NC(=O)[C@H](CCCNC(=N)N)NC(=O)[...,1.926629,0.010686
T28,RILRKWSNWWWNNWLIWK,18,2.99,CC[C@H](C)[C@H](NC(=O)[C@H](CC(C)C)NC(=O)[C@H]...,2.131275,0.737409
T29,RINIIIHIAWRSKLIL,16,1.06,CC[C@H](C)[C@H](NC(=O)[C@H](Cc1c[nH]cn1)NC(=O)...,1.474492,0.171804
T30,KILFLFITTKKL,12,0.92,CC[C@H](C)[C@H](NC(=O)[C@H](Cc1ccccc1)NC(=O)[C...,0.493898,0.181563
T31,TKLWAIINKALRKI,14,1.46,CC[C@H](C)[C@H](NC(=O)[C@H](CCCCN)NC(=O)[C@H](...,1.920611,0.212163
T40,KAARRKKLFLAKRIRTIFK,19,1.48,CC[C@H](C)[C@H](NC(=O)[C@H](CCCNC(=N)N)NC(=O)[...,1.314344,0.027442
T41,KRRKMRKKWAKYINFKKITR,20,2.37,CC[C@H](C)[C@H](NC(=O)[C@H](Cc1ccc(O)cc1)NC(=O...,1.463516,0.821713
T42,RKKMYIYARSKLRNWVLR,18,2.1,CC[C@H](C)[C@H](NC(=O)[C@H](Cc1ccc(O)cc1)NC(=O...,1.586702,0.263475
T44,RRRRSRKKIFVKFIL,15,1.55,CC[C@H](C)[C@H](NC(=O)[C@H](Cc1ccccc1)NC(=O)[C...,1.403453,0.021476
T47,WIRRLIIARWFRTK,14,1.95,CC[C@H](C)[C@H](NC(=O)[C@H](CC(C)C)NC(=O)[C@H]...,2.131274,0.03286
T48,KNIWTHLALKIRLKLNRAE,19,1.35,CC[C@H](C)[C@H](NC(=O)[C@H](CCCCN)NC(=O)[C@H](...,1.363628,0.000186
T49,RKRVIKPSLALNKWLW,16,1.86,CC[C@H](C)[C@H](NC(=O)[C@@H](NC(=O)[C@H](CCCNC...,1.880245,0.00041
T50,RVKRLKLYINALTKLV,16,1.31,CC[C@H](C)[C@H](NC(=O)[C@H](Cc1ccc(O)cc1)NC(=O...,1.449939,0.019583
T51,TKRRIIKYAAFKFKKALI,18,1.57,CC[C@H](C)[C@H](NC(=O)[C@H](CC(C)C)NC(=O)[C@H]...,1.545912,0.00058
T52,WLLNRILIIHNLAKI,15,0.97,CC[C@H](C)[C@H](NC(=O)[C@H](CCCCN)NC(=O)[C@H](...,1.631205,0.437192
T53,KYLTIHFRKTIRFWIRVIK,19,1.67,CC[C@H](C)[C@H](NC(=O)[C@H](Cc1c[nH]c2ccccc12)...,1.478469,0.036684
T55,RSWIISLIRRL,11,1.3,CC[C@H](C)[C@H](NC(=O)[C@H](CC(C)C)NC(=O)[C@H]...,2.267215,0.935506
T57,WRHKSLWIRKYLKNLALLA,19,1.91,CC[C@H](C)[C@H](NC(=O)[C@H](Cc1c[nH]c2ccccc12)...,1.492209,0.174549
T60,KLRIRTMLKRWKWELAFH,18,1.94,CC[C@H](C)[C@H](NC(=O)[C@H](CCCNC(=N)N)NC(=O)[...,1.366685,0.32869